<?xml version="1.0" encoding="UTF-8" standalone="yes"?>
<addon id="kikrokstream" name="kikrokstream" version="1.0" provider-name="jrosari">
    <extension point="xbmc.addon.repository" name="Kikroks Repository">
        <dir>
            <info compressed="false">https://raw.githubusercontent.com/jrosari/jrosari.github.io/master/repo/zips/addons.xml</info>
            <checksum>https://raw.githubusercontent.com/jrosari/jrosari.github.io/master/repo/zips/addons.xml.md5</checksum>
            <datadir zip="true">https://raw.githubusercontent.com/jrosari/jrosari.github.io/master/repo/zips/</datadir>
        </dir>
    </extension>
    <extension point="xbmc.addon.metadata">
        <summary>kikrokstream</summary>
        <description>kikroks' personal build</description>
        <disclaimer></disclaimer>
        <platform>all</platform>
        <assets>
            <icon>icon.png</icon>
            <fanart>fanart.jpg</fanart>
        </assets>
    </extension>
</addon>