<?xml version="1.0" encoding="UTF-8" standalone="yes"?>
<addon id="build20" name="build20" version="1.0" provider-name="jrosari">
    <extension point="xbmc.addon.repository" name="kodi build 20">
        <dir>
            <info compressed="false">https://raw.githubusercontent.com/jrosari/jrosari.github.io/master/repo/zips/addons.xml</info>
            <checksum>https://raw.githubusercontent.com/jrosari/jrosari.github.io/master/repo/zips/addons.xml.md5</checksum>
            <datadir zip="true">https://raw.githubusercontent.com/jrosari/jrosari.github.io/master/repo/zips/</datadir>
        </dir>
    </extension>
    <extension point="xbmc.addon.metadata">
        <summary>build20</summary>
        <description>build for kodi 20</description>
        <disclaimer></disclaimer>
        <platform>all</platform>
        <assets>
            <icon>icon.png</icon>
            <fanart>fanart.jpg</fanart>
        </assets>
    </extension>
</addon>